    INSERT INTO Categories (Category_Id, Category_Name)
    VALUES ('C001', 'Appetizers');

    INSERT INTO Categories (Category_Id, Category_Name)
    VALUES ('C002', 'Ramen');

    INSERT INTO Categories (Category_Id, Category_Name)
    VALUES ('C003', 'Toppings');

    INSERT INTO Categories (Category_Id, Category_Name)
    VALUES ('C004', 'Donburi Rice Bowl');

    INSERT INTO Categories (Category_Id, Category_Name)
    VALUES ('C005', 'Salad');

    INSERT INTO Categories (Category_Id, Category_Name)
    VALUES ('C006', 'Soda');

    INSERT INTO Categories (Category_Id, Category_Name)
    VALUES ('C007', 'Fried Rice & Stir-Fried Noodle');



    INSERT INTO Products (Product_Id, Product_Name, Price, Stock, Category_Id)
    VALUES ('P001', 'Spring Roll (2pcs)', 3.00, 10, 'C001');

    INSERT INTO Products (Product_Id, Product_Name, Price, Stock, Category_Id)
    VALUES ('P002', 'Chicken Egg Roll (2pcs)', 3.25, 20, 'C001');

    INSERT INTO Products (Product_Id, Product_Name, Price, Stock, Category_Id)
    VALUES ('P003', 'Shrimp Roll (2pcs)', 6.99, 34, 'C001');

    INSERT INTO Products (Product_Id, Product_Name, Price, Stock, Category_Id)
    VALUES ('P004', 'Chashu Pork Bun', 4.50, 2, 'C001');

    INSERT INTO Products (Product_Id, Product_Name, Price, Stock, Category_Id)
    VALUES ('P005', 'Crab Rangoon (6pcs)', 7.50, 22, 'C001');

    INSERT INTO Products (Product_Id, Product_Name, Price, Stock, Category_Id)
    VALUES ('P006', 'Edamame W. Sea Salt', 6.00, 19, 'C001');

    INSERT INTO Products (Product_Id, Product_Name, Price, Stock, Category_Id)
    VALUES ('P007', 'Pork Gyoza', 7.00, 18, 'C001');

    INSERT INTO Products (Product_Id, Product_Name, Price, Stock, Category_Id)
    VALUES ('P008', 'Age Tofu', 6.00, 10, 'C001');

    INSERT INTO Products (Product_Id, Product_Name, Price, Stock, Category_Id)
    VALUES ('P009', 'Scallion Pancakes', 7.00, 13, 'C001');

    INSERT INTO Products (Product_Id, Product_Name, Price, Stock, Category_Id)
    VALUES ('P010', 'Chicken Nuggets (8pcs) W. Fries', 7.99, 16, 'C001');

    INSERT INTO Products (Product_Id, Product_Name, Price, Stock, Category_Id)
    VALUES ('P011', 'Takoyaki', 8.00,7 , 'C001');

    INSERT INTO Products (Product_Id, Product_Name, Price, Stock, Category_Id)
    VALUES ('P012', 'ShuMai (Shrimp & Pork)', 8.00, 6, 'C001');

    INSERT INTO Products (Product_Id, Product_Name, Price, Stock, Category_Id)
    VALUES ('P013', 'Fried Shrimp (6pcs)', 8.99, 12, 'C001');

    INSERT INTO Products (Product_Id, Product_Name, Price, Stock, Category_Id)
    VALUES ('P014', 'Calamari', 9.25, 10, 'C001');

    INSERT INTO Products (Product_Id, Product_Name, Price, Stock, Category_Id)
    VALUES ('P015', 'Chashu Ramen', 11.99, 12, 'C002');

    INSERT INTO Products (Product_Id, Product_Name, Price, Stock, Category_Id)
    VALUES ('P016', 'Spicy Miso Ramen', 11.99, 11, 'C002');

    INSERT INTO Products (Product_Id, Product_Name, Price, Stock, Category_Id)
    VALUES ('P017', 'Miso Ramen', 11.99, 10, 'C002');

    INSERT INTO Products (Product_Id, Product_Name, Price, Stock, Category_Id)
    VALUES ('P018', 'Chicken Katsu Ramen(curry)', 11.99, 14, 'C002');

    INSERT INTO Products (Product_Id, Product_Name, Price, Stock, Category_Id)
    VALUES ('P019', 'Beef Ramen', 12.99, 10, 'C002');

    INSERT INTO Products (Product_Id, Product_Name, Price, Stock, Category_Id)
    VALUES ('P020', 'Kimchi Ramen', 11.99, 10, 'C002');

    INSERT INTO Products (Product_Id, Product_Name, Price, Stock, Category_Id)
    VALUES ('P021', 'Vegetable Ramen', 11.99,12 , 'C002');

    INSERT INTO Products (Product_Id, Product_Name, Price, Stock, Category_Id)
    VALUES ('P022', 'Dumpling Ramen', 11.99, 16, 'C002');

    INSERT INTO Products (Product_Id, Product_Name, Price, Stock, Category_Id)
    VALUES ('P023', 'Shrimp Ramen', 13.99, 9, 'C002');

    INSERT INTO Products (Product_Id, Product_Name, Price, Stock, Category_Id)
    VALUES ('P024', 'Seafood Ramen', 14.99, 10, 'C002');

    INSERT INTO Products (Product_Id, Product_Name, Price, Stock, Category_Id)
    VALUES ('P025', 'Plain Ramen', 7.99, 30, 'C002');

    INSERT INTO Products (Product_Id, Product_Name, Price, Stock, Category_Id)
    VALUES ('P026', 'Bambooshoots', 1.00, 20, 'C003');

    INSERT INTO Products (Product_Id, Product_Name, Price, Stock, Category_Id)
    VALUES ('P027', 'Bean Sprouts', 1.00, 20, 'C003');

    INSERT INTO Products (Product_Id, Product_Name, Price, Stock, Category_Id)
    VALUES ('P028', 'Green Onions', 1.00, 20, 'C003');

    INSERT INTO Products (Product_Id, Product_Name, Price, Stock, Category_Id)
    VALUES ('P029', 'Corn', 1.00, 20, 'C003');

    INSERT INTO Products (Product_Id, Product_Name, Price, Stock, Category_Id)
    VALUES ('P030', 'Red Ginger', 1.00, 15, 'C003');

    INSERT INTO Products (Product_Id, Product_Name, Price, Stock, Category_Id)
    VALUES ('P031', 'Kimchi', 1.50, 15, 'C003');

    INSERT INTO Products (Product_Id, Product_Name, Price, Stock, Category_Id)
    VALUES ('P032', 'Chashu 1Pcs', 3.00, 10, 'C003');

    INSERT INTO Products (Product_Id, Product_Name, Price, Stock, Category_Id)
    VALUES ('P033', 'Beef', 3.50, 10, 'C003');

    INSERT INTO Products (Product_Id, Product_Name, Price, Stock, Category_Id)
    VALUES ('P034', 'Tempura Tofu', 4.50, 10, 'C003');

    INSERT INTO Products (Product_Id, Product_Name, Price, Stock, Category_Id)
    VALUES ('P035', 'Half Marinated Egg', 3.00, 15, 'C003');

    INSERT INTO Products (Product_Id, Product_Name, Price, Stock, Category_Id)
    VALUES ('P036', 'Chicken Katsu', 1.00, 10, 'C003');

    INSERT INTO Products (Product_Id, Product_Name, Price, Stock, Category_Id)
    VALUES ('P037', 'Grilled Chicken', 1.00, 10, 'C003');

    INSERT INTO Products (Product_Id, Product_Name, Price, Stock, Category_Id)
    VALUES ('P038', 'Jumbo Shrimp 1Pcs', 1.50, 10, 'C003');

    INSERT INTO Products (Product_Id, Product_Name, Price, Stock, Category_Id)
    VALUES ('P039', 'Fish Cake', 1.00, 10, 'C003');

    INSERT INTO Products (Product_Id, Product_Name, Price, Stock, Category_Id)
    VALUES ('P040', 'Kani', 1.00, 10, 'C003');

    INSERT INTO Products (Product_Id, Product_Name, Price, Stock, Category_Id)
    VALUES ('P041', 'Ramen Noodle', 2.00, 30, 'C003');

    INSERT INTO Products (Product_Id, Product_Name, Price, Stock, Category_Id)
    VALUES ('P042', 'Chicken Broth', 1.50, 25, 'C003');

    INSERT INTO Products (Product_Id, Product_Name, Price, Stock, Category_Id)
    VALUES ('P043', 'Soup', 3.00, 20, 'C003');

    INSERT INTO Products (Product_Id, Product_Name, Price, Stock, Category_Id)
    VALUES ('P044', 'Beef Donburi', 12.99, 20, 'C004');

    INSERT INTO Products (Product_Id, Product_Name, Price, Stock, Category_Id)
    VALUES ('P045', 'Chicken Katsu Donburi', 11.99, 20, 'C004');

    INSERT INTO Products (Product_Id, Product_Name, Price, Stock, Category_Id)
    VALUES ('P046', 'Chashu Donburi', 12.99, 15, 'C004');

    INSERT INTO Products (Product_Id, Product_Name, Price, Stock, Category_Id)
    VALUES ('P047', 'Chicken Teriyaki Donburi', 12.99, 20, 'C004');

    INSERT INTO Products (Product_Id, Product_Name, Price, Stock, Category_Id)
    VALUES ('P048', 'Shrimp Teriyaki Donburi', 15.99, 15, 'C004');

    INSERT INTO Products (Product_Id, Product_Name, Price, Stock, Category_Id)
    VALUES ('P049', 'Grilled Salmon Donburi', 15.99, 15, 'C004');

    INSERT INTO Products (Product_Id, Product_Name, Price, Stock, Category_Id)
    VALUES ('P050', 'Tofu Tempura Donburi', 10.99, 20, 'C004');

    INSERT INTO Products (Product_Id, Product_Name, Price, Stock, Category_Id)
    VALUES ('P051', 'Avocado Green Salad', 7.99, 20, 'C005');

    INSERT INTO Products (Product_Id, Product_Name, Price, Stock, Category_Id)
    VALUES ('P052', 'Grilled Chicken Salad', 9.99, 20, 'C005');

    INSERT INTO Products (Product_Id, Product_Name, Price, Stock, Category_Id)
    VALUES ('P053', 'Kani Salad', 7.99, 20, 'C005');

    INSERT INTO Products (Product_Id, Product_Name, Price, Stock, Category_Id)
    VALUES ('P054', 'Pepsi', 1.99, 50, 'C006');

    INSERT INTO Products (Product_Id, Product_Name, Price, Stock, Category_Id)
    VALUES ('P055', 'Sierra Mist', 1.99, 50, 'C006');

    INSERT INTO Products (Product_Id, Product_Name, Price, Stock, Category_Id)
    VALUES ('P056', 'Lemonade', 1.99, 50, 'C006');

    INSERT INTO Products (Product_Id, Product_Name, Price, Stock, Category_Id)
    VALUES ('P057', 'Root Beer', 1.99, 50, 'C006');

    INSERT INTO Products (Product_Id, Product_Name, Price, Stock, Category_Id)
    VALUES ('P058', 'Bottle Water', 1.50, 100, 'C006');

    INSERT INTO Products (Product_Id, Product_Name, Price, Stock, Category_Id)
    VALUES ('P059', 'Chicken Fried Rice', 10.99, 20, 'C007');

    INSERT INTO Products (Product_Id, Product_Name, Price, Stock, Category_Id)
    VALUES ('P060', 'Shrimp Fried Rice', 12.99, 15, 'C007');

    INSERT INTO Products (Product_Id, Product_Name, Price, Stock, Category_Id)
    VALUES ('P061', 'Chicken Stir-Fried Noodle', 11.99, 20, 'C007');

    INSERT INTO Products (Product_Id, Product_Name, Price, Stock, Category_Id)
    VALUES ('P062', 'Shrimp Stir-Fried Noodle', 12.99, 15, 'C007');




    INSERT INTO Employees (Emp_Id, Emp_Name, Emp_Role, Login_Id, Emp_Password) 
    VALUES ('E001', 'Nadine Maksoud', 'Manager', 'nadine.m', 'nadine123');

    INSERT INTO Employees (Emp_Id, Emp_Name, Emp_Role, Login_Id, Emp_Password)
    VALUES ('E002', 'Chris Dahmen', 'Assistant Manager', 'chris.d', 'chris123');

    INSERT INTO Employees (Emp_Id, Emp_Name, Emp_Role, Login_Id, Emp_Password)
    VALUES ('E003', 'Aya Tanaka', 'Cashier', 'aya.t', 'Cashier01');

    INSERT INTO Employees (Emp_Id, Emp_Name, Emp_Role, Login_Id, Emp_Password)
    VALUES ('E004', 'Leo Kimura', 'Waiter', 'leo.k', 'Waiter01');

    INSERT INTO Employees (Emp_Id, Emp_Name, Emp_Role, Login_Id, Emp_Password)
    VALUES ('E005', 'Mika Sato', 'Barista', 'mika.s', 'Barista01');

    INSERT INTO Employees (Emp_Id, Emp_Name, Emp_Role, Login_Id, Emp_Password)
    VALUES ('E006', 'Taro Suzuki', 'Delivery', 'taro.s', 'Delivery01');

    INSERT INTO Employees (Emp_Id, Emp_Name, Emp_Role, Login_Id, Emp_Password)
    VALUES ('E007', 'Hiroshi Yamamoto', 'Chef', 'hiroshi.y', 'Chef01');

    INSERT INTO Employees (Emp_Id, Emp_Name, Emp_Role, Login_Id, Emp_Password)
    VALUES ('E008', 'Yuki Nakamura', 'Ramen Cook', 'yuki.n', 'Ramen01');

    INSERT INTO Employees (Emp_Id, Emp_Name, Emp_Role, Login_Id, Emp_Password)
    VALUES ('E009', 'Kenji Ito', 'Kitchen Assistant', 'kenji.i', 'Kitchen01');

    INSERT INTO Employees (Emp_Id, Emp_Name, Emp_Role, Login_Id, Emp_Password)
    VALUES ('E010', 'Sakura Fujimoto', 'Inventory', 'sakura.f', 'Inventory01');

    INSERT INTO Employees (Emp_Id, Emp_Name, Emp_Role, Login_Id, Emp_Password)
    VALUES ('E011', 'Rina Kobayashi', 'HR', 'rina.k', 'HR01');

    INSERT INTO Employees (Emp_Id, Emp_Name, Emp_Role, Login_Id, Emp_Password)
    VALUES ('E012', 'Daichi Mori', 'Cleaner', 'daichi.m', 'Clean01');




    INSERT INTO Customers (Customer_Id, Customer_Name, Phone_Number, Loyalty_Points, Email)
    VALUES ('CU001', 'Rita Matar', '70111222', 20, 'rita.m@gmail.com');

    INSERT INTO Customers (Customer_Id, Customer_Name, Phone_Number, Loyalty_Points, Email)
    VALUES ('CU002', 'Hassan Abbas', '71333444', 15, 'hassan.a@gmail.com');

    INSERT INTO Customers(Customer_Id, Customer_Name, Phone_Number, Loyalty_Points, Email)
    VALUES ('CU003', 'Layla Samir', '76999888', 30, 'layla.s@gmail.com');




    INSERT INTO Sales (Sale_Id, Sale_Date, Total_Amount, Payment_Method, Emp_Id, Customer_Id)
    VALUES ('S001', TO_DATE('2024-10-01', 'YYYY-MM-DD'), 25.50, 'Credit Card', 'E003', 'CU001');

    INSERT INTO Sales (Sale_Id, Sale_Date, Total_Amount, Payment_Method, Emp_Id, Customer_Id)
    VALUES ('S002', TO_DATE('2024-10-02', 'YYYY-MM-DD'), 15.75, 'Cash', 'E004', 'CU002');

    INSERT INTO Sales (Sale_Id, Sale_Date, Total_Amount, Payment_Method, Emp_Id, Customer_Id)
    VALUES ('S003', TO_DATE('2024-10-03', 'YYYY-MM-DD'), 30.00, 'Debit Card', 'E005', 'CU003');




    INSERT INTO Payments (Payment_Id, Payment_Type, Amount, Payment_Date, Sale_Id)
    VALUES ('PMT001', 'Credit Card', 25.50, TO_DATE('2024-10-01', 'YYYY-MM-DD'), 'S001');

    INSERT INTO Payments (Payment_Id, Payment_Type, Amount, Payment_Date, Sale_Id)
    VALUES ('PMT002', 'Cash', 15.75, TO_DATE('2024-10-02', 'YYYY-MM-DD'), 'S002');

    INSERT INTO Payments (Payment_Id, Payment_Type, Amount, Payment_Date, Sale_Id)
    VALUES ('PMT003', 'Debit Card', 30.00, TO_DATE('2024-10-03', 'YYYY-MM-DD'), 'S003');




    INSERT INTO SaleItems (SaleItem_Id, Quantity, Price, Sale_Id, Product_Id)
    VALUES ('SI001', 2, 7.00, 'S001', 'P007');

    INSERT INTO SaleItems (SaleItem_Id, Quantity, Price, Sale_Id, Product_Id)
    VALUES ('SI002', 1, 11.99, 'S001', 'P015');

    INSERT INTO SaleItems (SaleItem_Id, Quantity, Price, Sale_Id, Product_Id)
    VALUES ('SI003', 1, 3.25, 'S002', 'P002');

    INSERT INTO SaleItems (SaleItem_Id, Quantity, Price, Sale_Id, Product_Id)
    VALUES ('SI004', 1, 4.50, 'S002', 'P004');

    INSERT INTO SaleItems (SaleItem_Id, Quantity, Price, Sale_Id, Product_Id)
    VALUES ('SI005', 2, 11.99, 'S003', 'P016');

    INSERT INTO SaleItems (SaleItem_Id, Quantity, Price, Sale_Id, Product_Id)
    VALUES ('SI006', 1, 6.00, 'S003', 'P008');